site,product,intensity_mean
Lamberts Bay,CMC,-0.6432
Lamberts Bay,CMC,-1.5474
Lamberts Bay,CMC,-0.6928
Lamberts Bay,CMC,-0.5483
Lamberts Bay,CMC,-0.6276
Lamberts Bay,CMC,-0.7715
Lamberts Bay,CMC,-1.0278
Lamberts Bay,CMC,-0.6533
Lamberts Bay,CMC,-1.1916
Lamberts Bay,CMC,-1.3541
Lamberts Bay,CMC,-1.2325
Lamberts Bay,CMC,-1.4027
Lamberts Bay,CMC,-1.2735
Lamberts Bay,CMC,-0.9937
Lamberts Bay,CMC,-1.3973
Lamberts Bay,CMC,-0.8752
Lamberts Bay,CMC,-1.298
Lamberts Bay,CMC,-0.9667
Lamberts Bay,CMC,-0.4643
Lamberts Bay,CMC,-1.4175
Lamberts Bay,CMC,-0.4584
Lamberts Bay,CMC,-0.5101
Lamberts Bay,CMC,-0.4886
Lamberts Bay,CMC,-0.4317
Lamberts Bay,CMC,-0.6386
Lamberts Bay,CMC,-0.3988
Lamberts Bay,CMC,-1.2467
Lamberts Bay,CMC,-1.0771
Port Nolloth,CMC,-1.2067
Port Nolloth,CMC,-0.7613
Port Nolloth,CMC,-0.8006
Port Nolloth,CMC,-0.6885
Port Nolloth,CMC,-0.6163
Port Nolloth,CMC,-0.5778
Port Nolloth,CMC,-0.4488
Port Nolloth,CMC,-0.7791
Port Nolloth,CMC,-0.6934
Port Nolloth,CMC,-0.5764
Port Nolloth,CMC,-0.4506
Port Nolloth,CMC,-0.8067
Port Nolloth,CMC,-0.6421
Saldanha Bay,CMC,-0.9317
Saldanha Bay,CMC,-1.279
Saldanha Bay,CMC,-0.5806
Saldanha Bay,CMC,-2.4881
Saldanha Bay,CMC,-2.6323
Saldanha Bay,CMC,-1.4705
Saldanha Bay,CMC,-1.3658
Saldanha Bay,CMC,-0.8383
Saldanha Bay,CMC,-0.572
Saldanha Bay,CMC,-0.5591
Saldanha Bay,CMC,-0.8538
Saldanha Bay,CMC,-1.1736
Saldanha Bay,CMC,-1.9805
Saldanha Bay,CMC,-2.1369
Saldanha Bay,CMC,-0.6536
Saldanha Bay,CMC,-0.4629
Saldanha Bay,CMC,-0.6553
Saldanha Bay,CMC,-0.5242
Saldanha Bay,CMC,-0.4945
Saldanha Bay,CMC,-0.7602
Saldanha Bay,CMC,-0.6163
Sea Point,CMC,-2.4987
Sea Point,CMC,-1.932
Sea Point,CMC,-1.4432
Sea Point,CMC,-0.7595
Sea Point,CMC,-1.0971
Sea Point,CMC,-2.5769
Sea Point,CMC,-1.9707
Sea Point,CMC,-2.2294
Sea Point,CMC,-1.065
Sea Point,CMC,-0.4997
Sea Point,CMC,-0.7444
Sea Point,CMC,-0.5895
Sea Point,CMC,-1.798
Sea Point,CMC,-0.57
Sea Point,CMC,-0.531
Sea Point,CMC,-0.7234
Lamberts Bay,CMC,-1.6174
Lamberts Bay,CMC,-1.641
Lamberts Bay,CMC,-1.8047
Lamberts Bay,CMC,-2.0015
Lamberts Bay,CMC,-0.8325
Lamberts Bay,CMC,-1.0791
Lamberts Bay,CMC,-2.4235
Lamberts Bay,CMC,-2.5775
Lamberts Bay,CMC,-0.6618
Lamberts Bay,CMC,-0.5283
Lamberts Bay,CMC,-1.2858
Lamberts Bay,CMC,-2.6577
Lamberts Bay,CMC,-1.468
Lamberts Bay,CMC,-0.9771
Port Nolloth,CMC,-1.5318
Port Nolloth,CMC,-1.6622
Port Nolloth,CMC,-0.7091
Port Nolloth,CMC,-1.3161
Port Nolloth,CMC,-1.6578
Port Nolloth,CMC,-0.963
Port Nolloth,CMC,-1.1969
Port Nolloth,CMC,-1.0453
Saldanha Bay,CMC,-2.2789
Saldanha Bay,CMC,-2.0458
Saldanha Bay,CMC,-1.4501
Saldanha Bay,CMC,-1.3355
Saldanha Bay,CMC,-2.3451
Saldanha Bay,CMC,-1.3734
Saldanha Bay,CMC,-0.5489
Saldanha Bay,CMC,-0.4957
Saldanha Bay,CMC,-2.2856
Saldanha Bay,CMC,-1.2947
Saldanha Bay,CMC,-0.8349
Saldanha Bay,CMC,-0.6259
Saldanha Bay,CMC,-0.5533
Saldanha Bay,CMC,-0.6819
Saldanha Bay,CMC,-0.6682
Saldanha Bay,CMC,-1.2185
Sea Point,CMC,-1.7836
Sea Point,CMC,-2.8792
Sea Point,CMC,-1.8737
Sea Point,CMC,-1.4907
Sea Point,CMC,-1.6149
Sea Point,CMC,-1.3345
Sea Point,CMC,-1.6691
Sea Point,CMC,-1.9243
Sea Point,CMC,-2.4191
Sea Point,CMC,-1.4103
Sea Point,CMC,-2.1656
Sea Point,CMC,-0.8089
Sea Point,CMC,-1.6084
Sea Point,CMC,-1.1083
Sea Point,CMC,-0.565
Sea Point,CMC,-0.7639
Sea Point,CMC,-0.7894
Sea Point,CMC,-0.6858
Sea Point,CMC,-0.6353
Sea Point,CMC,-0.9843
Lamberts Bay,OISST,-1.0983
Lamberts Bay,OISST,-1.0753
Lamberts Bay,OISST,-0.8478
Lamberts Bay,OISST,-0.8869
Lamberts Bay,OISST,-0.954
Lamberts Bay,OISST,-1.3417
Lamberts Bay,OISST,-1.7993
Lamberts Bay,OISST,-1.738
Lamberts Bay,OISST,-1.8985
Lamberts Bay,OISST,-1.1224
Lamberts Bay,OISST,-1.8282
Lamberts Bay,OISST,-1.0064
Lamberts Bay,OISST,-0.7139
Lamberts Bay,OISST,-1.0005
Lamberts Bay,OISST,-0.701
Lamberts Bay,OISST,-0.7181
Lamberts Bay,OISST,-0.7856
Lamberts Bay,OISST,-1.3048
Lamberts Bay,OISST,-0.8193
Lamberts Bay,OISST,-1.0477
Lamberts Bay,OISST,-2.2402
Lamberts Bay,OISST,-1.4805
Lamberts Bay,OISST,-0.6521
Lamberts Bay,OISST,-0.8304
Lamberts Bay,OISST,-0.9445
Lamberts Bay,OISST,-1.2107
Lamberts Bay,OISST,-0.7389
Lamberts Bay,OISST,-1.6024
Lamberts Bay,OISST,-1.44
Lamberts Bay,OISST,-1.2005
Lamberts Bay,OISST,-0.7361
Lamberts Bay,OISST,-1.047
Lamberts Bay,OISST,-0.7794
Lamberts Bay,OISST,-1.4303
Lamberts Bay,OISST,-1.6264
Lamberts Bay,OISST,-1.2111
Lamberts Bay,OISST,-1.4609
Lamberts Bay,OISST,-0.6268
Lamberts Bay,OISST,-0.9705
Lamberts Bay,OISST,-0.8297
Lamberts Bay,OISST,-0.7547
Lamberts Bay,OISST,-1.1316
Lamberts Bay,OISST,-0.7011
Lamberts Bay,OISST,-0.8194
Lamberts Bay,OISST,-0.8646
Lamberts Bay,OISST,-1.2055
Lamberts Bay,OISST,-0.5148
Lamberts Bay,OISST,-0.8084
Lamberts Bay,OISST,-0.5964
Lamberts Bay,OISST,-0.6328
Lamberts Bay,OISST,-0.8729
Lamberts Bay,OISST,-0.828
Lamberts Bay,OISST,-1.0386
Lamberts Bay,OISST,-0.8683
Port Nolloth,OISST,-2.1527
Port Nolloth,OISST,-1.5065
Port Nolloth,OISST,-1.1465
Port Nolloth,OISST,-0.9287
Port Nolloth,OISST,-0.9377
Port Nolloth,OISST,-1.8799
Port Nolloth,OISST,-2.2155
Port Nolloth,OISST,-0.6346
Port Nolloth,OISST,-1.8701
Port Nolloth,OISST,-1.5338
Port Nolloth,OISST,-0.822
Port Nolloth,OISST,-1.3846
Port Nolloth,OISST,-1.1292
Port Nolloth,OISST,-1.6707
Port Nolloth,OISST,-1.2001
Port Nolloth,OISST,-1.3236
Port Nolloth,OISST,-1.0291
Port Nolloth,OISST,-0.8283
Port Nolloth,OISST,-1.087
Port Nolloth,OISST,-1.7103
Port Nolloth,OISST,-0.9192
Port Nolloth,OISST,-0.6686
Port Nolloth,OISST,-0.717
Port Nolloth,OISST,-1.3549
Port Nolloth,OISST,-1.1014
Port Nolloth,OISST,-1.3216
Port Nolloth,OISST,-1.0109
Port Nolloth,OISST,-1.1344
Port Nolloth,OISST,-1.1016
Port Nolloth,OISST,-1.256
Port Nolloth,OISST,-0.7877
Port Nolloth,OISST,-0.7873
Port Nolloth,OISST,-0.6903
Port Nolloth,OISST,-1.0166
Port Nolloth,OISST,-1.0208
Port Nolloth,OISST,-0.6594
Port Nolloth,OISST,-0.5101
Port Nolloth,OISST,-0.4623
Port Nolloth,OISST,-0.9771
Port Nolloth,OISST,-0.4006
Port Nolloth,OISST,-0.6249
Port Nolloth,OISST,-0.6941
Port Nolloth,OISST,-1.051
Port Nolloth,OISST,-1.1828
Port Nolloth,OISST,-0.8759
Port Nolloth,OISST,-0.991
Port Nolloth,OISST,-0.8168
Port Nolloth,OISST,-0.8409
Port Nolloth,OISST,-0.7196
Port Nolloth,OISST,-0.6358
Port Nolloth,OISST,-0.7286
Port Nolloth,OISST,-0.7013
Port Nolloth,OISST,-0.9313
Saldanha Bay,OISST,-2.6162
Saldanha Bay,OISST,-2.4596
Saldanha Bay,OISST,-2.6046
Saldanha Bay,OISST,-1.4508
Saldanha Bay,OISST,-2.5342
Saldanha Bay,OISST,-1.087
Saldanha Bay,OISST,-1.381
Saldanha Bay,OISST,-1.061
Saldanha Bay,OISST,-1.0636
Saldanha Bay,OISST,-1.0778
Saldanha Bay,OISST,-0.568
Saldanha Bay,OISST,-1.0743
Saldanha Bay,OISST,-0.6996
Saldanha Bay,OISST,-1.172
Saldanha Bay,OISST,-3.1867
Saldanha Bay,OISST,-1.1339
Saldanha Bay,OISST,-1.3615
Saldanha Bay,OISST,-1.8897
Saldanha Bay,OISST,-1.5081
Saldanha Bay,OISST,-1.0484
Saldanha Bay,OISST,-1.0947
Saldanha Bay,OISST,-1.1012
Saldanha Bay,OISST,-0.7009
Saldanha Bay,OISST,-0.72
Saldanha Bay,OISST,-1.6737
Saldanha Bay,OISST,-1.2908
Saldanha Bay,OISST,-1.9524
Saldanha Bay,OISST,-1.4344
Saldanha Bay,OISST,-2.8373
Saldanha Bay,OISST,-2.9331
Saldanha Bay,OISST,-2.5302
Saldanha Bay,OISST,-1.7632
Saldanha Bay,OISST,-2.6542
Saldanha Bay,OISST,-2.5469
Saldanha Bay,OISST,-0.7649
Saldanha Bay,OISST,-0.9268
Saldanha Bay,OISST,-0.8011
Saldanha Bay,OISST,-1.0744
Saldanha Bay,OISST,-0.5961
Saldanha Bay,OISST,-0.8372
Saldanha Bay,OISST,-1.3247
Saldanha Bay,OISST,-1.0123
Saldanha Bay,OISST,-0.6878
Saldanha Bay,OISST,-0.7939
Saldanha Bay,OISST,-1.1448
Saldanha Bay,OISST,-0.7736
Saldanha Bay,OISST,-1.9814
Saldanha Bay,OISST,-1.3138
Saldanha Bay,OISST,-0.8646
Saldanha Bay,OISST,-1.5339
Saldanha Bay,OISST,-0.7217
Saldanha Bay,OISST,-0.6382
Saldanha Bay,OISST,-1.1415
Saldanha Bay,OISST,-0.73
Saldanha Bay,OISST,-0.7893
Saldanha Bay,OISST,-0.9636
Saldanha Bay,OISST,-0.9205
Saldanha Bay,OISST,-0.8958
Saldanha Bay,OISST,-0.8679
Saldanha Bay,OISST,-0.733
Saldanha Bay,OISST,-0.7305
Saldanha Bay,OISST,-0.6939
Saldanha Bay,OISST,-0.8452
Sea Point,OISST,-5.4421
Sea Point,OISST,-3.6748
Sea Point,OISST,-1.8986
Sea Point,OISST,-2.3624
Sea Point,OISST,-1.2286
Sea Point,OISST,-2.5839
Sea Point,OISST,-1.7876
Sea Point,OISST,-1.2572
Sea Point,OISST,-3.3067
Sea Point,OISST,-1.599
Sea Point,OISST,-1.461
Sea Point,OISST,-1.4879
Sea Point,OISST,-1.0739
Sea Point,OISST,-2.3147
Sea Point,OISST,-4.5797
Sea Point,OISST,-2.6152
Sea Point,OISST,-2.1918
Sea Point,OISST,-2.2711
Sea Point,OISST,-2.0819
Sea Point,OISST,-1.6613
Sea Point,OISST,-1.5282
Sea Point,OISST,-2.9378
Sea Point,OISST,-1.8484
Sea Point,OISST,-0.6772
Sea Point,OISST,-1.0417
Sea Point,OISST,-1.0738
Sea Point,OISST,-0.8543
Sea Point,OISST,-2.2239
Sea Point,OISST,-1.339
Sea Point,OISST,-1.8396
Sea Point,OISST,-0.6555
Sea Point,OISST,-0.755
Sea Point,OISST,-0.6434
Sea Point,OISST,-0.719
Sea Point,OISST,-0.6234
Sea Point,OISST,-1.0698
Lamberts Bay,OISST,-1.6976
Lamberts Bay,OISST,-2.5735
Lamberts Bay,OISST,-4.22
Lamberts Bay,OISST,-2.3061
Lamberts Bay,OISST,-1.465
Lamberts Bay,OISST,-1.6024
Lamberts Bay,OISST,-0.7322
Lamberts Bay,OISST,-0.6183
Lamberts Bay,OISST,-0.8293
Lamberts Bay,OISST,-0.6446
Lamberts Bay,OISST,-0.5994
Lamberts Bay,OISST,-0.5906
Lamberts Bay,OISST,-1.1417
Lamberts Bay,OISST,-2.4938
Lamberts Bay,OISST,-1.7379
Lamberts Bay,OISST,-1.3795
Lamberts Bay,OISST,-1.2174
Lamberts Bay,OISST,-1.6051
Lamberts Bay,OISST,-3.298
Lamberts Bay,OISST,-1.6186
Lamberts Bay,OISST,-0.9186
Lamberts Bay,OISST,-1.0098
Lamberts Bay,OISST,-0.6288
Lamberts Bay,OISST,-1.7829
Lamberts Bay,OISST,-0.8565
Lamberts Bay,OISST,-1.8439
Lamberts Bay,OISST,-3.1626
Lamberts Bay,OISST,-2.4928
Lamberts Bay,OISST,-1.0869
Lamberts Bay,OISST,-1.072
Lamberts Bay,OISST,-0.9405
Lamberts Bay,OISST,-0.6443
Lamberts Bay,OISST,-1.1222
Lamberts Bay,OISST,-1.3912
Lamberts Bay,OISST,-1.4347
Lamberts Bay,OISST,-1.702
Lamberts Bay,OISST,-3.2248
Lamberts Bay,OISST,-1.1735
Lamberts Bay,OISST,-2.232
Lamberts Bay,OISST,-2.2954
Lamberts Bay,OISST,-0.8446
Lamberts Bay,OISST,-0.513
Lamberts Bay,OISST,-0.7197
Lamberts Bay,OISST,-0.986
Lamberts Bay,OISST,-1.6786
Lamberts Bay,OISST,-2.7533
Lamberts Bay,OISST,-1.287
Port Nolloth,OISST,-1.6252
Port Nolloth,OISST,-1.7974
Port Nolloth,OISST,-1.4539
Port Nolloth,OISST,-1.0838
Port Nolloth,OISST,-2.677
Port Nolloth,OISST,-2.1826
Port Nolloth,OISST,-1.9994
Port Nolloth,OISST,-1.1763
Port Nolloth,OISST,-1.2443
Port Nolloth,OISST,-0.9787
Port Nolloth,OISST,-0.992
Port Nolloth,OISST,-1.3297
Port Nolloth,OISST,-1.361
Port Nolloth,OISST,-1.1723
Port Nolloth,OISST,-0.7873
Port Nolloth,OISST,-1.6746
Port Nolloth,OISST,-1.7348
Port Nolloth,OISST,-1.1188
Port Nolloth,OISST,-0.6556
Port Nolloth,OISST,-1.4458
Port Nolloth,OISST,-1.7413
Port Nolloth,OISST,-1.0891
Port Nolloth,OISST,-0.5551
Port Nolloth,OISST,-0.4755
Port Nolloth,OISST,-0.8536
Port Nolloth,OISST,-1.0294
Port Nolloth,OISST,-1.3965
Port Nolloth,OISST,-1.0156
Saldanha Bay,OISST,-2.0551
Saldanha Bay,OISST,-2.7213
Saldanha Bay,OISST,-4.1712
Saldanha Bay,OISST,-1.7444
Saldanha Bay,OISST,-2.0385
Saldanha Bay,OISST,-1.4479
Saldanha Bay,OISST,-0.8444
Saldanha Bay,OISST,-0.7983
Saldanha Bay,OISST,-0.6423
Saldanha Bay,OISST,-1.8488
Saldanha Bay,OISST,-3.233
Saldanha Bay,OISST,-1.269
Saldanha Bay,OISST,-1.3449
Saldanha Bay,OISST,-1.5992
Saldanha Bay,OISST,-2.0533
Saldanha Bay,OISST,-2.8456
Saldanha Bay,OISST,-1.3133
Saldanha Bay,OISST,-1.5289
Saldanha Bay,OISST,-2.3128
Saldanha Bay,OISST,-1.6637
Saldanha Bay,OISST,-1.9697
Saldanha Bay,OISST,-3.1198
Saldanha Bay,OISST,-1.3483
Saldanha Bay,OISST,-0.7458
Saldanha Bay,OISST,-2.2571
Saldanha Bay,OISST,-1.9085
Saldanha Bay,OISST,-2.6961
Saldanha Bay,OISST,-1.3717
Saldanha Bay,OISST,-1.2058
Saldanha Bay,OISST,-0.9134
Saldanha Bay,OISST,-0.858
Saldanha Bay,OISST,-1.6662
Saldanha Bay,OISST,-1.2575
Saldanha Bay,OISST,-0.9026
Saldanha Bay,OISST,-1.5279
Saldanha Bay,OISST,-0.6708
Saldanha Bay,OISST,-0.6565
Saldanha Bay,OISST,-0.9026
Saldanha Bay,OISST,-0.9314
Saldanha Bay,OISST,-1.025
Sea Point,OISST,-1.0773
Sea Point,OISST,-1.3759
Sea Point,OISST,-1.5938
Sea Point,OISST,-2.7059
Sea Point,OISST,-1.4533
Sea Point,OISST,-2.8476
Sea Point,OISST,-2.9461
Sea Point,OISST,-1.4672
Sea Point,OISST,-1.0873
Sea Point,OISST,-2.1972
Sea Point,OISST,-2.8292
Sea Point,OISST,-1.4969
Sea Point,OISST,-3.7942
Sea Point,OISST,-3.0361
Sea Point,OISST,-3.674
Sea Point,OISST,-2.0567
Sea Point,OISST,-1.0339
Sea Point,OISST,-0.7385
Sea Point,OISST,-0.8318
Sea Point,OISST,-1.6679
Sea Point,OISST,-1.633
Sea Point,OISST,-1.8589
Sea Point,OISST,-0.7389
Sea Point,OISST,-2.3338
Sea Point,OISST,-1.4855
Sea Point,OISST,-2.0457
Sea Point,OISST,-0.5593
Sea Point,OISST,-0.5413
Sea Point,OISST,-2.0632
Sea Point,OISST,-2.9383
Sea Point,OISST,-1.8631
Sea Point,OISST,-1.7658
Sea Point,OISST,-1.4643
Sea Point,OISST,-2.9076
Sea Point,OISST,-1.9228
Sea Point,OISST,-0.7843
Sea Point,OISST,-1.5645
Sea Point,OISST,-1.4517
Sea Point,OISST,-1.6354
Sea Point,OISST,-1.352
Sea Point,OISST,-1.0434
Sea Point,OISST,-1.5828
Sea Point,OISST,-0.5824
Sea Point,OISST,-0.7911
Sea Point,OISST,-0.7843
Sea Point,OISST,-0.5734
Sea Point,OISST,-0.8724
Sea Point,OISST,-0.9739
Sea Point,OISST,-1.3138
Sea Point,OISST,-1.52
Sea Point,OISST,-0.686
Sea Point,OISST,-0.8511
Sea Point,OISST,-0.9342
Sea Point,OISST,-0.7381
Lamberts Bay,G1SST,-1.5825
Lamberts Bay,G1SST,-1.0931
Lamberts Bay,G1SST,-0.7805
Lamberts Bay,G1SST,-0.7999
Lamberts Bay,G1SST,-0.627
Lamberts Bay,G1SST,-0.6882
Lamberts Bay,G1SST,-0.7133
Lamberts Bay,G1SST,-1.3458
Lamberts Bay,G1SST,-1.9546
Lamberts Bay,G1SST,-2.2132
Lamberts Bay,G1SST,-1.5754
Lamberts Bay,G1SST,-1.6361
Lamberts Bay,G1SST,-1.8028
Lamberts Bay,G1SST,-1.8057
Lamberts Bay,G1SST,-1.4196
Lamberts Bay,G1SST,-0.808
Lamberts Bay,G1SST,-0.7564
Lamberts Bay,G1SST,-0.8014
Lamberts Bay,G1SST,-1.979
Lamberts Bay,G1SST,-1.0609
Lamberts Bay,G1SST,-0.7872
Lamberts Bay,G1SST,-1.163
Lamberts Bay,G1SST,-0.7582
Lamberts Bay,G1SST,-0.8622
Lamberts Bay,G1SST,-0.9679
Lamberts Bay,G1SST,-1.1273
Lamberts Bay,G1SST,-0.7572
Lamberts Bay,G1SST,-0.529
Lamberts Bay,G1SST,-0.9429
Lamberts Bay,G1SST,-0.8546
Lamberts Bay,G1SST,-1.4234
Lamberts Bay,G1SST,-1.1162
Lamberts Bay,G1SST,-0.8521
Lamberts Bay,G1SST,-1.5686
Lamberts Bay,G1SST,-1.4809
Lamberts Bay,G1SST,-1.0005
Lamberts Bay,G1SST,-1.7022
Lamberts Bay,G1SST,-0.5623
Lamberts Bay,G1SST,-0.8721
Lamberts Bay,G1SST,-0.5125
Lamberts Bay,G1SST,-0.5462
Lamberts Bay,G1SST,-0.6542
Lamberts Bay,G1SST,-0.7917
Lamberts Bay,G1SST,-0.4637
Lamberts Bay,G1SST,-0.5997
Lamberts Bay,G1SST,-0.445
Lamberts Bay,G1SST,-1.001
Lamberts Bay,G1SST,-0.7321
Lamberts Bay,G1SST,-0.6236
Lamberts Bay,G1SST,-0.9117
Lamberts Bay,G1SST,-1.2726
Lamberts Bay,G1SST,-1.8036
Lamberts Bay,G1SST,-1.1047
Lamberts Bay,G1SST,-1.0432
Lamberts Bay,G1SST,-1.0863
Lamberts Bay,G1SST,-1.2309
Lamberts Bay,G1SST,-0.7562
Lamberts Bay,G1SST,-0.6656
Lamberts Bay,G1SST,-0.9441
Lamberts Bay,G1SST,-1.1209
Lamberts Bay,G1SST,-0.7403
Lamberts Bay,G1SST,-1.0812
Lamberts Bay,G1SST,-0.7408
Lamberts Bay,G1SST,-0.5039
Lamberts Bay,G1SST,-0.8456
Lamberts Bay,G1SST,-0.8159
Lamberts Bay,G1SST,-0.6429
Lamberts Bay,G1SST,-0.3153
Lamberts Bay,G1SST,-0.3195
Lamberts Bay,G1SST,-1.1109
Lamberts Bay,G1SST,-1.4086
Lamberts Bay,G1SST,-0.46
Lamberts Bay,G1SST,-1.6544
Lamberts Bay,G1SST,-1.4735
Lamberts Bay,G1SST,-1.7058
Lamberts Bay,G1SST,-1.2559
Lamberts Bay,G1SST,-0.6894
Lamberts Bay,G1SST,-0.5552
Lamberts Bay,G1SST,-1.1477
Lamberts Bay,G1SST,-1.2149
Lamberts Bay,G1SST,-0.5808
Lamberts Bay,G1SST,-0.2928
Lamberts Bay,G1SST,-0.4909
Lamberts Bay,G1SST,-0.8687
Lamberts Bay,G1SST,-0.4591
Lamberts Bay,G1SST,-1.0073
Lamberts Bay,G1SST,-0.2258
Lamberts Bay,G1SST,-0.5251
Lamberts Bay,G1SST,-0.7515
Lamberts Bay,G1SST,-0.8199
Lamberts Bay,G1SST,-0.3352
Lamberts Bay,G1SST,-0.6193
Lamberts Bay,G1SST,-0.5539
Lamberts Bay,G1SST,-0.3334
Lamberts Bay,G1SST,-1.1193
Lamberts Bay,G1SST,-0.328
Lamberts Bay,G1SST,-0.5517
Lamberts Bay,G1SST,-0.302
Lamberts Bay,G1SST,-0.4718
Lamberts Bay,G1SST,-0.7033
Lamberts Bay,G1SST,-1.391
Lamberts Bay,G1SST,-0.6379
Lamberts Bay,G1SST,-0.7227
Lamberts Bay,G1SST,-1.1634
Lamberts Bay,G1SST,-0.7814
Port Nolloth,G1SST,-1.0053
Port Nolloth,G1SST,-1.6326
Port Nolloth,G1SST,-1.2393
Port Nolloth,G1SST,-2.1128
Port Nolloth,G1SST,-1.3439
Port Nolloth,G1SST,-1.2671
Port Nolloth,G1SST,-0.7543
Port Nolloth,G1SST,-0.6539
Port Nolloth,G1SST,-1.1246
Port Nolloth,G1SST,-0.8972
Port Nolloth,G1SST,-1.192
Port Nolloth,G1SST,-0.8433
Port Nolloth,G1SST,-0.6607
Port Nolloth,G1SST,-0.912
Port Nolloth,G1SST,-1.5981
Port Nolloth,G1SST,-1.4139
Port Nolloth,G1SST,-1.8317
Port Nolloth,G1SST,-2.4621
Port Nolloth,G1SST,-2.1842
Port Nolloth,G1SST,-2.652
Port Nolloth,G1SST,-1.3892
Port Nolloth,G1SST,-1.5065
Port Nolloth,G1SST,-1.2104
Port Nolloth,G1SST,-1.3787
Port Nolloth,G1SST,-1.6287
Port Nolloth,G1SST,-1.3881
Port Nolloth,G1SST,-1.0943
Port Nolloth,G1SST,-0.5772
Port Nolloth,G1SST,-1.4931
Port Nolloth,G1SST,-1.2044
Port Nolloth,G1SST,-0.8254
Port Nolloth,G1SST,-0.5582
Port Nolloth,G1SST,-1.2775
Port Nolloth,G1SST,-1.0365
Port Nolloth,G1SST,-1.209
Port Nolloth,G1SST,-2.5899
Port Nolloth,G1SST,-1.9206
Port Nolloth,G1SST,-0.8702
Port Nolloth,G1SST,-2.0885
Port Nolloth,G1SST,-0.7343
Port Nolloth,G1SST,-0.9623
Port Nolloth,G1SST,-0.6402
Port Nolloth,G1SST,-0.5585
Port Nolloth,G1SST,-0.3044
Port Nolloth,G1SST,-0.9034
Port Nolloth,G1SST,-1.0824
Port Nolloth,G1SST,-0.953
Port Nolloth,G1SST,-2.2968
Port Nolloth,G1SST,-1.2317
Port Nolloth,G1SST,-0.9948
Port Nolloth,G1SST,-1.2262
Port Nolloth,G1SST,-1.2346
Port Nolloth,G1SST,-1.1223
Port Nolloth,G1SST,-0.8211
Port Nolloth,G1SST,-1.0797
Port Nolloth,G1SST,-0.4913
Port Nolloth,G1SST,-0.8201
Port Nolloth,G1SST,-0.9814
Port Nolloth,G1SST,-0.6638
Port Nolloth,G1SST,-0.5689
Port Nolloth,G1SST,-0.3367
Port Nolloth,G1SST,-0.8218
Port Nolloth,G1SST,-0.3884
Port Nolloth,G1SST,-0.5651
Port Nolloth,G1SST,-1.1375
Port Nolloth,G1SST,-0.9695
Port Nolloth,G1SST,-0.7007
Port Nolloth,G1SST,-0.3553
Port Nolloth,G1SST,-0.5515
Port Nolloth,G1SST,-0.4705
Port Nolloth,G1SST,-0.6355
Port Nolloth,G1SST,-0.5591
Port Nolloth,G1SST,-0.5461
Port Nolloth,G1SST,-1.7519
Port Nolloth,G1SST,-0.666
Port Nolloth,G1SST,-0.7244
Port Nolloth,G1SST,-0.5557
Port Nolloth,G1SST,-0.5154
Port Nolloth,G1SST,-0.9312
Port Nolloth,G1SST,-0.6519
Port Nolloth,G1SST,-0.68
Port Nolloth,G1SST,-0.2336
Port Nolloth,G1SST,-0.4552
Port Nolloth,G1SST,-0.5468
Port Nolloth,G1SST,-0.6726
Port Nolloth,G1SST,-0.2678
Port Nolloth,G1SST,-0.1488
Port Nolloth,G1SST,-0.42
Port Nolloth,G1SST,-0.5228
Port Nolloth,G1SST,-0.3787
Port Nolloth,G1SST,-0.8191
Port Nolloth,G1SST,-0.5121
Saldanha Bay,G1SST,-3.1104
Saldanha Bay,G1SST,-2.943
Saldanha Bay,G1SST,-1.9719
Saldanha Bay,G1SST,-1.6279
Saldanha Bay,G1SST,-1.1953
Saldanha Bay,G1SST,-1.1088
Saldanha Bay,G1SST,-1.49
Saldanha Bay,G1SST,-0.8819
Saldanha Bay,G1SST,-1.0022
Saldanha Bay,G1SST,-0.77
Saldanha Bay,G1SST,-0.8387
Saldanha Bay,G1SST,-1.8184
Saldanha Bay,G1SST,-0.8367
Saldanha Bay,G1SST,-0.8343
Saldanha Bay,G1SST,-0.9243
Saldanha Bay,G1SST,-1.8053
Saldanha Bay,G1SST,-2.2828
Saldanha Bay,G1SST,-1.7325
Saldanha Bay,G1SST,-1.7917
Saldanha Bay,G1SST,-1.462
Saldanha Bay,G1SST,-1.0252
Saldanha Bay,G1SST,-1.0523
Saldanha Bay,G1SST,-1.0194
Saldanha Bay,G1SST,-1.1899
Saldanha Bay,G1SST,-1.7103
Saldanha Bay,G1SST,-1.6142
Saldanha Bay,G1SST,-2.0709
Saldanha Bay,G1SST,-1.3342
Saldanha Bay,G1SST,-1.1624
Saldanha Bay,G1SST,-0.8942
Saldanha Bay,G1SST,-0.6301
Saldanha Bay,G1SST,-1.0705
Saldanha Bay,G1SST,-1.2388
Saldanha Bay,G1SST,-1.16
Saldanha Bay,G1SST,-2.0145
Saldanha Bay,G1SST,-2.8851
Saldanha Bay,G1SST,-1.8278
Saldanha Bay,G1SST,-2.3321
Saldanha Bay,G1SST,-0.9849
Saldanha Bay,G1SST,-2.4973
Saldanha Bay,G1SST,-2.8202
Saldanha Bay,G1SST,-1.7917
Saldanha Bay,G1SST,-2.0931
Saldanha Bay,G1SST,-1.526
Saldanha Bay,G1SST,-1.5267
Saldanha Bay,G1SST,-1.5781
Saldanha Bay,G1SST,-2.2914
Saldanha Bay,G1SST,-1.4163
Saldanha Bay,G1SST,-1.0956
Saldanha Bay,G1SST,-0.8435
Saldanha Bay,G1SST,-0.7379
Saldanha Bay,G1SST,-0.4157
Saldanha Bay,G1SST,-1.2251
Saldanha Bay,G1SST,-0.9657
Saldanha Bay,G1SST,-0.5377
Saldanha Bay,G1SST,-0.4727
Saldanha Bay,G1SST,-0.6354
Saldanha Bay,G1SST,-0.6383
Saldanha Bay,G1SST,-0.3572
Saldanha Bay,G1SST,-0.6043
Saldanha Bay,G1SST,-0.4016
Saldanha Bay,G1SST,-0.3817
Saldanha Bay,G1SST,-0.7649
Saldanha Bay,G1SST,-0.5717
Saldanha Bay,G1SST,-1.5016
Saldanha Bay,G1SST,-1.4864
Saldanha Bay,G1SST,-0.7255
Saldanha Bay,G1SST,-1.4338
Saldanha Bay,G1SST,-2.0678
Saldanha Bay,G1SST,-0.9708
Saldanha Bay,G1SST,-0.794
Saldanha Bay,G1SST,-0.5079
Saldanha Bay,G1SST,-0.6354
Saldanha Bay,G1SST,-1.375
Saldanha Bay,G1SST,-1.173
Saldanha Bay,G1SST,-0.548
Saldanha Bay,G1SST,-0.4118
Saldanha Bay,G1SST,-0.7469
Saldanha Bay,G1SST,-0.5458
Saldanha Bay,G1SST,-0.8113
Saldanha Bay,G1SST,-0.6118
Saldanha Bay,G1SST,-0.4597
Saldanha Bay,G1SST,-0.6083
Saldanha Bay,G1SST,-1.2671
Saldanha Bay,G1SST,-0.5646
Saldanha Bay,G1SST,-0.6308
Saldanha Bay,G1SST,-0.8686
Saldanha Bay,G1SST,-0.6471
Saldanha Bay,G1SST,-0.2704
Saldanha Bay,G1SST,-0.3734
Saldanha Bay,G1SST,-0.5427
Saldanha Bay,G1SST,-0.3752
Saldanha Bay,G1SST,-0.3146
Saldanha Bay,G1SST,-0.3248
Saldanha Bay,G1SST,-0.5708
Saldanha Bay,G1SST,-0.6654
Saldanha Bay,G1SST,-0.7171
Saldanha Bay,G1SST,-1.4817
Saldanha Bay,G1SST,-0.7309
Saldanha Bay,G1SST,-0.5729
Saldanha Bay,G1SST,-0.6801
Saldanha Bay,G1SST,-0.5073
Sea Point,G1SST,-2.1612
Sea Point,G1SST,-1.8672
Sea Point,G1SST,-1.8613
Sea Point,G1SST,-1.529
Sea Point,G1SST,-1.321
Sea Point,G1SST,-1.3958
Sea Point,G1SST,-1.4829
Sea Point,G1SST,-1.4025
Sea Point,G1SST,-1.3396
Sea Point,G1SST,-1.1086
Sea Point,G1SST,-1.6248
Sea Point,G1SST,-1.2751
Sea Point,G1SST,-1.3775
Sea Point,G1SST,-2.6295
Sea Point,G1SST,-1.335
Sea Point,G1SST,-0.8852
Sea Point,G1SST,-1.0595
Sea Point,G1SST,-1.1327
Sea Point,G1SST,-1.3068
Sea Point,G1SST,-0.4794
Sea Point,G1SST,-0.4404
Sea Point,G1SST,-1.5708
Sea Point,G1SST,-2.3729
Sea Point,G1SST,-1.3717
Sea Point,G1SST,-2.1396
Sea Point,G1SST,-2.1224
Sea Point,G1SST,-4.0073
Sea Point,G1SST,-1.5898
Sea Point,G1SST,-2.5759
Sea Point,G1SST,-1.7676
Sea Point,G1SST,-1.0477
Sea Point,G1SST,-1.0629
Sea Point,G1SST,-1.5059
Sea Point,G1SST,-1.3516
Sea Point,G1SST,-1.5434
Sea Point,G1SST,-1.4294
Sea Point,G1SST,-0.9969
Sea Point,G1SST,-1.8403
Sea Point,G1SST,-0.7344
Sea Point,G1SST,-0.734
Sea Point,G1SST,-1.2096
Sea Point,G1SST,-0.3477
Sea Point,G1SST,-0.5623
Sea Point,G1SST,-0.5219
Sea Point,G1SST,-1.4088
Sea Point,G1SST,-1.5301
Sea Point,G1SST,-0.9845
Sea Point,G1SST,-2.4392
Sea Point,G1SST,-1.3442
Sea Point,G1SST,-1.2378
Sea Point,G1SST,-2.3059
Sea Point,G1SST,-1.9771
Sea Point,G1SST,-0.653
Sea Point,G1SST,-0.615
Sea Point,G1SST,-0.5598
Sea Point,G1SST,-0.5094
Sea Point,G1SST,-0.7979
Sea Point,G1SST,-0.7159
Sea Point,G1SST,-0.6007
Sea Point,G1SST,-1.0322
Sea Point,G1SST,-1.5066
Sea Point,G1SST,-0.955
Sea Point,G1SST,-0.6787
Sea Point,G1SST,-0.5854
Sea Point,G1SST,-0.5615
Sea Point,G1SST,-0.4137
Sea Point,G1SST,-0.5422
Sea Point,G1SST,-0.5947
Sea Point,G1SST,-0.6264
Sea Point,G1SST,-0.7499
Sea Point,G1SST,-0.5875
Sea Point,G1SST,-0.591
Sea Point,G1SST,-0.7225
Sea Point,G1SST,-1.1898
Lamberts Bay,G1SST,-2.1222
Lamberts Bay,G1SST,-2.2354
Lamberts Bay,G1SST,-1.1305
Lamberts Bay,G1SST,-1.9024
Lamberts Bay,G1SST,-1.6906
Lamberts Bay,G1SST,-0.6979
Lamberts Bay,G1SST,-0.5279
Lamberts Bay,G1SST,-1.4337
Lamberts Bay,G1SST,-1.9859
Lamberts Bay,G1SST,-1.0215
Lamberts Bay,G1SST,-0.4427
Lamberts Bay,G1SST,-1.2222
Lamberts Bay,G1SST,-1.8288
Lamberts Bay,G1SST,-1.568
Lamberts Bay,G1SST,-1.6113
Lamberts Bay,G1SST,-2.074
Lamberts Bay,G1SST,-0.9416
Lamberts Bay,G1SST,-0.9456
Lamberts Bay,G1SST,-2.13
Lamberts Bay,G1SST,-0.9978
Lamberts Bay,G1SST,-1.0721
Lamberts Bay,G1SST,-2.7552
Lamberts Bay,G1SST,-0.491
Lamberts Bay,G1SST,-2.1136
Lamberts Bay,G1SST,-1.8571
Lamberts Bay,G1SST,-0.9783
Lamberts Bay,G1SST,-0.6687
Lamberts Bay,G1SST,-0.4638
Lamberts Bay,G1SST,-0.5146
Lamberts Bay,G1SST,-0.4228
Lamberts Bay,G1SST,-0.8719
Lamberts Bay,G1SST,-1.4298
Lamberts Bay,G1SST,-1.5572
Lamberts Bay,G1SST,-3.0639
Lamberts Bay,G1SST,-0.8848
Port Nolloth,G1SST,-1.6562
Port Nolloth,G1SST,-2.3296
Port Nolloth,G1SST,-2.4651
Port Nolloth,G1SST,-1.1418
Port Nolloth,G1SST,-1.2545
Port Nolloth,G1SST,-0.5543
Port Nolloth,G1SST,-0.6851
Port Nolloth,G1SST,-1.0836
Port Nolloth,G1SST,-1.3638
Port Nolloth,G1SST,-1.1055
Port Nolloth,G1SST,-0.5663
Port Nolloth,G1SST,-0.8937
Port Nolloth,G1SST,-1.2754
Port Nolloth,G1SST,-0.6655
Port Nolloth,G1SST,-0.4942
Port Nolloth,G1SST,-1.3985
Port Nolloth,G1SST,-1.0144
Port Nolloth,G1SST,-1.0385
Port Nolloth,G1SST,-1.1945
Port Nolloth,G1SST,-1.4347
Port Nolloth,G1SST,-1.4895
Port Nolloth,G1SST,-0.4708
Port Nolloth,G1SST,-0.5561
Port Nolloth,G1SST,-0.3045
Port Nolloth,G1SST,-0.516
Port Nolloth,G1SST,-1.0886
Port Nolloth,G1SST,-0.3728
Port Nolloth,G1SST,-0.4317
Port Nolloth,G1SST,-0.7216
Port Nolloth,G1SST,-1.4339
Port Nolloth,G1SST,-0.6223
Port Nolloth,G1SST,-0.549
Port Nolloth,G1SST,-0.5672
Saldanha Bay,G1SST,-2.4745
Saldanha Bay,G1SST,-1.3827
Saldanha Bay,G1SST,-1.4558
Saldanha Bay,G1SST,-2.553
Saldanha Bay,G1SST,-2.8218
Saldanha Bay,G1SST,-1.1146
Saldanha Bay,G1SST,-1.3671
Saldanha Bay,G1SST,-1.9782
Saldanha Bay,G1SST,-1.5166
Saldanha Bay,G1SST,-0.6426
Saldanha Bay,G1SST,-0.4307
Saldanha Bay,G1SST,-0.732
Saldanha Bay,G1SST,-0.4265
Saldanha Bay,G1SST,-0.6292
Saldanha Bay,G1SST,-0.5261
Saldanha Bay,G1SST,-0.6513
Saldanha Bay,G1SST,-0.4423
Saldanha Bay,G1SST,-1.3835
Saldanha Bay,G1SST,-2.0129
Saldanha Bay,G1SST,-1.3697
Saldanha Bay,G1SST,-2.138
Saldanha Bay,G1SST,-1.122
Saldanha Bay,G1SST,-0.7834
Saldanha Bay,G1SST,-0.8293
Saldanha Bay,G1SST,-0.8949
Saldanha Bay,G1SST,-0.4386
Saldanha Bay,G1SST,-0.2952
Saldanha Bay,G1SST,-0.4669
Saldanha Bay,G1SST,-0.3162
Saldanha Bay,G1SST,-0.5784
Saldanha Bay,G1SST,-0.3344
Saldanha Bay,G1SST,-0.9052
Saldanha Bay,G1SST,-0.6701
Saldanha Bay,G1SST,-0.5589
Saldanha Bay,G1SST,-0.9154
Saldanha Bay,G1SST,-0.4186
Saldanha Bay,G1SST,-0.9252
Saldanha Bay,G1SST,-0.5564
Saldanha Bay,G1SST,-0.8027
Saldanha Bay,G1SST,-0.4765
Sea Point,G1SST,-1.1021
Sea Point,G1SST,-1.8276
Sea Point,G1SST,-1.9236
Sea Point,G1SST,-2.2819
Sea Point,G1SST,-1.4964
Sea Point,G1SST,-1.0727
Sea Point,G1SST,-0.3824
Sea Point,G1SST,-0.6809
Sea Point,G1SST,-0.5285
Sea Point,G1SST,-1.4861
Sea Point,G1SST,-1.2025
Sea Point,G1SST,-1.9066
Sea Point,G1SST,-1.6723
Sea Point,G1SST,-1.0451
Sea Point,G1SST,-1.1859
Sea Point,G1SST,-1.0504
Sea Point,G1SST,-1.0708
Sea Point,G1SST,-0.5128
Sea Point,G1SST,-0.9802
Sea Point,G1SST,-0.8835
Sea Point,G1SST,-0.6178
Sea Point,G1SST,-0.7209
Sea Point,G1SST,-0.8402
Sea Point,G1SST,-0.7565
Sea Point,G1SST,-0.647
Sea Point,G1SST,-1.0949
Sea Point,G1SST,-1.027
Sea Point,G1SST,-0.9928
Sea Point,G1SST,-0.8995
Sea Point,G1SST,-0.3607
Sea Point,G1SST,-0.7346
Lamberts Bay,MUR,-1.2203
Lamberts Bay,MUR,-0.9237
Lamberts Bay,MUR,-0.5204
Lamberts Bay,MUR,-0.5746
Lamberts Bay,MUR,-0.5754
Lamberts Bay,MUR,-1.2119
Lamberts Bay,MUR,-1.1134
Lamberts Bay,MUR,-0.9762
Lamberts Bay,MUR,-0.9001
Lamberts Bay,MUR,-1.3044
Lamberts Bay,MUR,-1.5071
Lamberts Bay,MUR,-2.1199
Lamberts Bay,MUR,-1.3807
Lamberts Bay,MUR,-2.0476
Lamberts Bay,MUR,-1.6436
Lamberts Bay,MUR,-1.1025
Lamberts Bay,MUR,-1.0208
Lamberts Bay,MUR,-0.9025
Lamberts Bay,MUR,-1.0024
Lamberts Bay,MUR,-0.9449
Lamberts Bay,MUR,-0.5265
Lamberts Bay,MUR,-0.9637
Lamberts Bay,MUR,-1.5798
Lamberts Bay,MUR,-0.8869
Lamberts Bay,MUR,-0.9354
Lamberts Bay,MUR,-0.9826
Lamberts Bay,MUR,-1.5229
Lamberts Bay,MUR,-0.7828
Lamberts Bay,MUR,-1.0196
Lamberts Bay,MUR,-1.1393
Lamberts Bay,MUR,-1.4188
Lamberts Bay,MUR,-2.1388
Lamberts Bay,MUR,-1.1111
Lamberts Bay,MUR,-0.875
Lamberts Bay,MUR,-0.725
Lamberts Bay,MUR,-1.0857
Lamberts Bay,MUR,-1.03
Lamberts Bay,MUR,-1.0589
Lamberts Bay,MUR,-0.8687
Lamberts Bay,MUR,-0.8963
Lamberts Bay,MUR,-1.4239
Lamberts Bay,MUR,-1.2781
Lamberts Bay,MUR,-1.281
Lamberts Bay,MUR,-0.7923
Lamberts Bay,MUR,-1.1323
Lamberts Bay,MUR,-1.598
Lamberts Bay,MUR,-0.6463
Lamberts Bay,MUR,-0.7195
Lamberts Bay,MUR,-1.1159
Lamberts Bay,MUR,-0.737
Lamberts Bay,MUR,-1.2426
Lamberts Bay,MUR,-1.7713
Lamberts Bay,MUR,-1.144
Lamberts Bay,MUR,-0.5384
Lamberts Bay,MUR,-1.2312
Lamberts Bay,MUR,-0.6946
Lamberts Bay,MUR,-1.8223
Lamberts Bay,MUR,-1.3083
Lamberts Bay,MUR,-1.5706
Lamberts Bay,MUR,-0.7438
Lamberts Bay,MUR,-0.8184
Lamberts Bay,MUR,-1.565
Lamberts Bay,MUR,-2.0155
Lamberts Bay,MUR,-0.8725
Lamberts Bay,MUR,-1.1165
Lamberts Bay,MUR,-0.3758
Lamberts Bay,MUR,-0.563
Lamberts Bay,MUR,-0.8214
Lamberts Bay,MUR,-0.5009
Lamberts Bay,MUR,-1.552
Lamberts Bay,MUR,-0.6439
Lamberts Bay,MUR,-0.7061
Lamberts Bay,MUR,-0.8335
Lamberts Bay,MUR,-0.9865
Lamberts Bay,MUR,-0.939
Lamberts Bay,MUR,-1.0926
Lamberts Bay,MUR,-0.6108
Lamberts Bay,MUR,-0.5897
Lamberts Bay,MUR,-0.4519
Lamberts Bay,MUR,-0.6521
Lamberts Bay,MUR,-0.5467
Lamberts Bay,MUR,-0.4737
Lamberts Bay,MUR,-0.5814
Lamberts Bay,MUR,-0.6811
Lamberts Bay,MUR,-1.2309
Lamberts Bay,MUR,-1.1644
Lamberts Bay,MUR,-0.9504
Lamberts Bay,MUR,-1.0949
Lamberts Bay,MUR,-1.1519
Port Nolloth,MUR,-1.0118
Port Nolloth,MUR,-0.6909
Port Nolloth,MUR,-1.0739
Port Nolloth,MUR,-1.1984
Port Nolloth,MUR,-1.3772
Port Nolloth,MUR,-1.6235
Port Nolloth,MUR,-1.1871
Port Nolloth,MUR,-1.1034
Port Nolloth,MUR,-1.9472
Port Nolloth,MUR,-1.1961
Port Nolloth,MUR,-1.0449
Port Nolloth,MUR,-1.3024
Port Nolloth,MUR,-1.1449
Port Nolloth,MUR,-1.1359
Port Nolloth,MUR,-0.8649
Port Nolloth,MUR,-1.5111
Port Nolloth,MUR,-1.1462
Port Nolloth,MUR,-1.3573
Port Nolloth,MUR,-1.3184
Port Nolloth,MUR,-0.6139
Port Nolloth,MUR,-0.9022
Port Nolloth,MUR,-0.4971
Port Nolloth,MUR,-1.5543
Port Nolloth,MUR,-0.9417
Port Nolloth,MUR,-0.7601
Port Nolloth,MUR,-0.4223
Port Nolloth,MUR,-0.4171
Port Nolloth,MUR,-0.8987
Port Nolloth,MUR,-0.9507
Port Nolloth,MUR,-0.8182
Port Nolloth,MUR,-0.6346
Port Nolloth,MUR,-0.956
Port Nolloth,MUR,-1.2388
Port Nolloth,MUR,-0.7324
Port Nolloth,MUR,-0.7099
Port Nolloth,MUR,-1.2093
Port Nolloth,MUR,-0.7563
Port Nolloth,MUR,-0.8939
Port Nolloth,MUR,-1.1497
Port Nolloth,MUR,-0.7444
Port Nolloth,MUR,-0.6504
Port Nolloth,MUR,-0.6604
Port Nolloth,MUR,-0.7471
Port Nolloth,MUR,-0.7574
Port Nolloth,MUR,-0.3464
Port Nolloth,MUR,-0.5195
Port Nolloth,MUR,-0.5793
Port Nolloth,MUR,-0.6297
Port Nolloth,MUR,-0.9382
Port Nolloth,MUR,-1.6184
Port Nolloth,MUR,-0.8784
Port Nolloth,MUR,-0.6837
Port Nolloth,MUR,-0.5574
Port Nolloth,MUR,-0.8088
Port Nolloth,MUR,-0.8206
Port Nolloth,MUR,-0.5921
Port Nolloth,MUR,-0.5328
Port Nolloth,MUR,-0.5369
Port Nolloth,MUR,-0.6849
Port Nolloth,MUR,-1.0369
Port Nolloth,MUR,-0.6943
Port Nolloth,MUR,-0.4579
Port Nolloth,MUR,-0.6463
Port Nolloth,MUR,-1.0433
Port Nolloth,MUR,-0.5083
Saldanha Bay,MUR,-1.883
Saldanha Bay,MUR,-2.5215
Saldanha Bay,MUR,-1.0517
Saldanha Bay,MUR,-0.8374
Saldanha Bay,MUR,-2.0963
Saldanha Bay,MUR,-1.3623
Saldanha Bay,MUR,-1.7855
Saldanha Bay,MUR,-1.7939
Saldanha Bay,MUR,-1.0705
Saldanha Bay,MUR,-1.1414
Saldanha Bay,MUR,-1.0779
Saldanha Bay,MUR,-0.8803
Saldanha Bay,MUR,-1.3714
Saldanha Bay,MUR,-0.7646
Saldanha Bay,MUR,-1.0779
Saldanha Bay,MUR,-1.0818
Saldanha Bay,MUR,-1.7025
Saldanha Bay,MUR,-0.9492
Saldanha Bay,MUR,-0.9997
Saldanha Bay,MUR,-1.5066
Saldanha Bay,MUR,-2.1039
Saldanha Bay,MUR,-0.5395
Saldanha Bay,MUR,-0.928
Saldanha Bay,MUR,-1.7991
Saldanha Bay,MUR,-0.7248
Saldanha Bay,MUR,-0.934
Saldanha Bay,MUR,-1.2284
Saldanha Bay,MUR,-0.8875
Saldanha Bay,MUR,-1.6798
Saldanha Bay,MUR,-1.1999
Saldanha Bay,MUR,-1.0417
Saldanha Bay,MUR,-1.9532
Saldanha Bay,MUR,-2.1629
Saldanha Bay,MUR,-2.219
Saldanha Bay,MUR,-2.5075
Saldanha Bay,MUR,-1.2432
Saldanha Bay,MUR,-0.7699
Saldanha Bay,MUR,-0.9777
Saldanha Bay,MUR,-0.7999
Saldanha Bay,MUR,-0.4763
Saldanha Bay,MUR,-0.5915
Saldanha Bay,MUR,-0.4497
Saldanha Bay,MUR,-1.2183
Saldanha Bay,MUR,-0.9789
Saldanha Bay,MUR,-0.8746
Saldanha Bay,MUR,-0.8194
Saldanha Bay,MUR,-0.8267
Saldanha Bay,MUR,-1.0854
Saldanha Bay,MUR,-0.5216
Saldanha Bay,MUR,-0.6666
Saldanha Bay,MUR,-0.8732
Saldanha Bay,MUR,-0.4896
Saldanha Bay,MUR,-0.6345
Saldanha Bay,MUR,-1.1859
Saldanha Bay,MUR,-1.8123
Saldanha Bay,MUR,-1.8684
Saldanha Bay,MUR,-0.9542
Saldanha Bay,MUR,-1.5878
Saldanha Bay,MUR,-1.1013
Saldanha Bay,MUR,-0.4327
Saldanha Bay,MUR,-0.6236
Saldanha Bay,MUR,-1.0311
Saldanha Bay,MUR,-1.415
Saldanha Bay,MUR,-0.635
Saldanha Bay,MUR,-0.705
Saldanha Bay,MUR,-0.9003
Saldanha Bay,MUR,-1.1064
Saldanha Bay,MUR,-0.5859
Saldanha Bay,MUR,-1.4978
Saldanha Bay,MUR,-0.9051
Saldanha Bay,MUR,-1.4503
Saldanha Bay,MUR,-0.8048
Saldanha Bay,MUR,-0.2206
Saldanha Bay,MUR,-0.4906
Saldanha Bay,MUR,-0.573
Saldanha Bay,MUR,-0.6588
Saldanha Bay,MUR,-0.7171
Saldanha Bay,MUR,-0.8248
Saldanha Bay,MUR,-0.8408
Saldanha Bay,MUR,-0.6751
Sea Point,MUR,-3.2055
Sea Point,MUR,-1.0554
Sea Point,MUR,-2.1048
Sea Point,MUR,-1.8279
Sea Point,MUR,-1.4594
Sea Point,MUR,-1.0035
Sea Point,MUR,-2.3836
Sea Point,MUR,-1.07
Sea Point,MUR,-1.9114
Sea Point,MUR,-1.4008
Sea Point,MUR,-1.3033
Sea Point,MUR,-1.8999
Sea Point,MUR,-1.8383
Sea Point,MUR,-1.4544
Sea Point,MUR,-0.5855
Sea Point,MUR,-1.4627
Sea Point,MUR,-1.4818
Sea Point,MUR,-2.2424
Sea Point,MUR,-2.8099
Sea Point,MUR,-0.8468
Sea Point,MUR,-1.7511
Sea Point,MUR,-1.3765
Sea Point,MUR,-0.958
Sea Point,MUR,-1.6641
Sea Point,MUR,-1.224
Sea Point,MUR,-1.4812
Sea Point,MUR,-0.5059
Sea Point,MUR,-1.069
Sea Point,MUR,-0.7179
Sea Point,MUR,-1.2472
Sea Point,MUR,-0.9512
Sea Point,MUR,-2.3549
Sea Point,MUR,-0.949
Sea Point,MUR,-1.6792
Sea Point,MUR,-0.8716
Sea Point,MUR,-0.8874
Sea Point,MUR,-0.9313
Sea Point,MUR,-0.563
Sea Point,MUR,-0.9258
Sea Point,MUR,-1.5445
Sea Point,MUR,-1.1893
Sea Point,MUR,-0.7256
Sea Point,MUR,-0.7642
Sea Point,MUR,-0.6316
Sea Point,MUR,-0.7812
Sea Point,MUR,-0.846
Sea Point,MUR,-0.5773
Sea Point,MUR,-0.7328
Lamberts Bay,MUR,-1.3149
Lamberts Bay,MUR,-1.1411
Lamberts Bay,MUR,-2.0863
Lamberts Bay,MUR,-3.8913
Lamberts Bay,MUR,-1.8152
Lamberts Bay,MUR,-0.7817
Lamberts Bay,MUR,-1.2102
Lamberts Bay,MUR,-0.8273
Lamberts Bay,MUR,-1.1133
Lamberts Bay,MUR,-1.0337
Lamberts Bay,MUR,-0.6682
Lamberts Bay,MUR,-1.0687
Lamberts Bay,MUR,-0.7163
Lamberts Bay,MUR,-1.5868
Lamberts Bay,MUR,-2.1926
Lamberts Bay,MUR,-1.8671
Lamberts Bay,MUR,-1.2328
Lamberts Bay,MUR,-3.0567
Lamberts Bay,MUR,-1.3872
Lamberts Bay,MUR,-0.8822
Lamberts Bay,MUR,-0.6314
Lamberts Bay,MUR,-0.6068
Lamberts Bay,MUR,-0.9222
Lamberts Bay,MUR,-0.9712
Lamberts Bay,MUR,-3.0383
Lamberts Bay,MUR,-2.0361
Lamberts Bay,MUR,-0.9261
Lamberts Bay,MUR,-0.9816
Lamberts Bay,MUR,-0.9412
Lamberts Bay,MUR,-0.7508
Lamberts Bay,MUR,-0.7832
Lamberts Bay,MUR,-0.5306
Lamberts Bay,MUR,-0.7189
Lamberts Bay,MUR,-1.2927
Lamberts Bay,MUR,-1.1035
Lamberts Bay,MUR,-3.118
Lamberts Bay,MUR,-1.3387
Lamberts Bay,MUR,-0.9687
Lamberts Bay,MUR,-0.8238
Lamberts Bay,MUR,-0.7127
Lamberts Bay,MUR,-0.8992
Lamberts Bay,MUR,-1.1084
Lamberts Bay,MUR,-1.6845
Lamberts Bay,MUR,-1.0367
Lamberts Bay,MUR,-0.3762
Lamberts Bay,MUR,-0.6451
Lamberts Bay,MUR,-0.5786
Lamberts Bay,MUR,-0.5434
Lamberts Bay,MUR,-1.4326
Lamberts Bay,MUR,-0.7873
Lamberts Bay,MUR,-0.8721
Lamberts Bay,MUR,-1.977
Port Nolloth,MUR,-1.4796
Port Nolloth,MUR,-1.1728
Port Nolloth,MUR,-1.0941
Port Nolloth,MUR,-0.6103
Port Nolloth,MUR,-1.0479
Port Nolloth,MUR,-1.0916
Port Nolloth,MUR,-2.6384
Port Nolloth,MUR,-2.4475
Port Nolloth,MUR,-1.275
Port Nolloth,MUR,-1.0908
Port Nolloth,MUR,-0.6597
Port Nolloth,MUR,-0.9247
Port Nolloth,MUR,-0.7275
Port Nolloth,MUR,-0.8932
Port Nolloth,MUR,-0.5394
Port Nolloth,MUR,-2.2882
Port Nolloth,MUR,-2.078
Port Nolloth,MUR,-1.1665
Port Nolloth,MUR,-0.9954
Port Nolloth,MUR,-0.8814
Port Nolloth,MUR,-0.8807
Port Nolloth,MUR,-0.7249
Port Nolloth,MUR,-0.5512
Port Nolloth,MUR,-0.6466
Port Nolloth,MUR,-0.5674
Port Nolloth,MUR,-0.7821
Port Nolloth,MUR,-1.1978
Port Nolloth,MUR,-0.3668
Port Nolloth,MUR,-0.9856
Port Nolloth,MUR,-0.9482
Port Nolloth,MUR,-0.6649
Saldanha Bay,MUR,-1.5539
Saldanha Bay,MUR,-1.1796
Saldanha Bay,MUR,-1.8581
Saldanha Bay,MUR,-3.6454
Saldanha Bay,MUR,-1.2529
Saldanha Bay,MUR,-1.6025
Saldanha Bay,MUR,-1.766
Saldanha Bay,MUR,-1.3175
Saldanha Bay,MUR,-0.708
Saldanha Bay,MUR,-1.2438
Saldanha Bay,MUR,-0.8804
Saldanha Bay,MUR,-0.7419
Saldanha Bay,MUR,-0.8693
Saldanha Bay,MUR,-0.6807
Saldanha Bay,MUR,-1.0716
Saldanha Bay,MUR,-0.5386
Saldanha Bay,MUR,-0.9464
Saldanha Bay,MUR,-2.2814
Saldanha Bay,MUR,-3.4927
Saldanha Bay,MUR,-1.2961
Saldanha Bay,MUR,-1.2188
Saldanha Bay,MUR,-0.8007
Saldanha Bay,MUR,-0.7544
Saldanha Bay,MUR,-1.1198
Saldanha Bay,MUR,-2.1242
Saldanha Bay,MUR,-1.3021
Saldanha Bay,MUR,-1.754
Saldanha Bay,MUR,-1.2915
Saldanha Bay,MUR,-0.4356
Saldanha Bay,MUR,-0.8784
Saldanha Bay,MUR,-0.6411
Saldanha Bay,MUR,-0.6512
Saldanha Bay,MUR,-0.7559
Saldanha Bay,MUR,-0.697
Saldanha Bay,MUR,-0.6813
Saldanha Bay,MUR,-1.8454
Saldanha Bay,MUR,-2.1182
Saldanha Bay,MUR,-1.6477
Saldanha Bay,MUR,-1.9121
Saldanha Bay,MUR,-0.8569
Saldanha Bay,MUR,-0.66
Saldanha Bay,MUR,-0.7673
Saldanha Bay,MUR,-0.3464
Saldanha Bay,MUR,-0.6365
Saldanha Bay,MUR,-0.8213
Saldanha Bay,MUR,-0.6975
Saldanha Bay,MUR,-0.8788
Saldanha Bay,MUR,-0.7428
Saldanha Bay,MUR,-0.6768
Saldanha Bay,MUR,-1.1109
Saldanha Bay,MUR,-0.3683
Saldanha Bay,MUR,-0.3225
Sea Point,MUR,-0.9335
Sea Point,MUR,-1.6549
Sea Point,MUR,-1.8285
Sea Point,MUR,-1.6422
Sea Point,MUR,-1.8836
Sea Point,MUR,-2.2043
Sea Point,MUR,-1.5411
Sea Point,MUR,-0.8279
Sea Point,MUR,-0.5942
Sea Point,MUR,-3.7232
Sea Point,MUR,-1.7008
Sea Point,MUR,-1.2744
Sea Point,MUR,-1.0022
Sea Point,MUR,-1.2468
Sea Point,MUR,-1.424
Sea Point,MUR,-1.0188
Sea Point,MUR,-0.5821
Sea Point,MUR,-0.8178
Sea Point,MUR,-0.8143
Sea Point,MUR,-0.9495
Sea Point,MUR,-3.1915
Sea Point,MUR,-1.0202
Sea Point,MUR,-0.5851
Sea Point,MUR,-0.8895
Sea Point,MUR,-0.6754
Sea Point,MUR,-0.6035
Sea Point,MUR,-0.9614
Sea Point,MUR,-0.8199
Sea Point,MUR,-0.6758
Sea Point,MUR,-1.4499
Sea Point,MUR,-0.6267
Sea Point,MUR,-0.7845
